player,nationality,age,minutes,gk_shots_on_target_against,gk_goals_against,gk_saves,gk_save_pct,gk_psxg,gk_passes_completed_launched,gk_passes_launched,gk_passes_pct_launched,gk_passes,gk_passes_throws,gk_pct_passes_launched,gk_passes_length_avg,gk_goal_kicks,gk_pct_goal_kicks_launched,gk_goal_kick_length_avg,gk_crosses,gk_crosses_stopped,gk_crosses_stopped_pct,gk_def_actions_outside_pen_area,gk_avg_distance_def_actions,home,game_id
Alisson,brBRA,32-317,90.0,3.0,2.0,1.0,33.3,0.8,6.0,11.0,54.5,41.0,4.0,26.8,31.7,1.0,0.0,5.0,16.0,1.0,6.3,0.0,7.0,True,Liverpool_Bournemouth_20250815
Đorđe Petrović,rsSRB,25-311,90.0,10.0,4.0,6.0,60.0,3.0,7.0,20.0,35.0,29.0,5.0,41.4,36.1,11.0,72.7,57.1,15.0,2.0,13.3,4.0,15.3,False,Liverpool_Bournemouth_20250815
Marco Bizot,nlNED,34-159,90.0,3.0,0.0,3.0,100.0,0.6,4.0,24.0,16.7,34.0,4.0,41.2,35.6,11.0,90.9,57.7,22.0,3.0,13.6,3.0,15.1,True,AstonVilla_NewcastleUtd_20250816
Nick Pope,engENG,33-119,90.0,3.0,0.0,3.0,100.0,0.2,1.0,6.0,16.7,26.0,12.0,15.4,25.2,3.0,66.7,46.7,6.0,3.0,50.0,4.0,17.3,False,AstonVilla_NewcastleUtd_20250816
Robin Roefs,nlNED,22-211,90.0,3.0,0.0,3.0,100.0,0.4,3.0,15.0,20.0,23.0,3.0,52.2,41.2,3.0,100.0,64.3,18.0,2.0,11.1,0.0,6.8,True,Sunderland_WestHam_20250816
Mads Hermansen,dkDEN,25-036,90.0,5.0,3.0,2.0,40.0,1.6,8.0,20.0,40.0,36.0,4.0,55.6,38.5,1.0,0.0,26.0,10.0,1.0,10.0,0.0,8.2,False,Sunderland_WestHam_20250816
Bart Verbruggen,nlNED,22-363,90.0,2.0,1.0,1.0,50.0,0.7,1.0,10.0,10.0,42.0,3.0,23.8,27.4,0.0,,,11.0,1.0,9.1,0.0,10.7,True,Brighton_Fulham_20250816
Bernd Leno,deGER,33-165,90.0,4.0,1.0,3.0,100.0,1.0,7.0,20.0,35.0,45.0,7.0,33.3,32.0,8.0,62.5,42.8,9.0,2.0,22.2,0.0,4.0,False,Brighton_Fulham_20250816
Guglielmo Vicario,itITA,28-313,90.0,4.0,0.0,4.0,100.0,1.1,1.0,2.0,50.0,46.0,4.0,2.2,23.0,4.0,25.0,34.3,10.0,0.0,0.0,0.0,6.0,True,Tottenham_Burnley_20250816
Martin Dúbravka,skSVK,36-213,90.0,6.0,3.0,3.0,50.0,2.6,5.0,22.0,22.7,18.0,3.0,61.1,40.9,13.0,84.6,59.8,22.0,3.0,13.6,0.0,4.7,False,Tottenham_Burnley_20250816
José Sá,ptPOR,32-211,90.0,4.0,4.0,0.0,0.0,2.3,3.0,8.0,37.5,18.0,3.0,27.8,29.2,8.0,37.5,37.3,15.0,1.0,6.7,0.0,5.0,True,Wolves_ManchesterCity_20250816
James Trafford,engENG,22-310,90.0,3.0,0.0,3.0,100.0,0.7,1.0,8.0,12.5,28.0,3.0,21.4,27.9,3.0,66.7,55.7,11.0,1.0,9.1,2.0,12.9,False,Wolves_ManchesterCity_20250816
Robert Sánchez,esESP,27-272,90.0,4.0,0.0,4.0,100.0,0.3,2.0,11.0,18.2,30.0,2.0,30.0,30.9,6.0,33.3,33.3,10.0,0.0,0.0,1.0,15.8,True,Chelsea_CrystalPalace_20250817
Dean Henderson,engENG,28-158,90.0,2.0,0.0,2.0,100.0,0.7,8.0,16.0,50.0,17.0,2.0,52.9,43.6,13.0,53.8,40.7,19.0,0.0,0.0,1.0,12.0,False,Chelsea_CrystalPalace_20250817
Matz Sels,beBEL,33-172,90.0,3.0,1.0,2.0,100.0,1.5,2.0,10.0,20.0,23.0,4.0,34.8,36.1,5.0,40.0,37.4,11.0,2.0,18.2,2.0,16.6,True,Nott'hamForest_Brentford_20250817
Caoimhín Kelleher,ieIRL,26-267,90.0,5.0,3.0,2.0,40.0,2.4,5.0,15.0,33.3,36.0,11.0,33.3,31.6,5.0,60.0,50.4,21.0,0.0,0.0,3.0,13.2,False,Nott'hamForest_Brentford_20250817
Altay Bayındır,trTUR,27-125,90.0,3.0,1.0,2.0,66.7,1.2,5.0,15.0,33.3,46.0,3.0,30.4,32.0,2.0,50.0,38.5,8.0,2.0,25.0,1.0,9.5,True,ManchesterUtd_Arsenal_20250817
David Raya,esESP,29-336,90.0,7.0,0.0,7.0,100.0,0.7,5.0,20.0,25.0,28.0,9.0,39.3,34.4,9.0,100.0,64.8,11.0,2.0,18.2,0.0,9.2,False,ManchesterUtd_Arsenal_20250817
Lucas Perri,brBRA,27-251,90.0,1.0,0.0,1.0,100.0,0.1,3.0,14.0,21.4,30.0,3.0,40.0,36.9,2.0,100.0,57.0,10.0,1.0,10.0,0.0,9.6,True,LeedsUnited_Everton_20250818
Jordan Pickford,engENG,31-164,90.0,3.0,1.0,2.0,100.0,1.1,9.0,25.0,36.0,46.0,5.0,39.1,33.3,13.0,53.8,42.4,20.0,1.0,5.0,2.0,14.7,False,LeedsUnited_Everton_20250818
Mads Hermansen,dkDEN,25-042,90.0,7.0,5.0,2.0,28.6,5.1,4.0,16.0,25.0,34.0,3.0,41.2,34.6,2.0,100.0,69.0,10.0,1.0,10.0,1.0,10.4,True,WestHam_Chelsea_20250822
Robert Sánchez,esESP,27-277,90.0,4.0,1.0,3.0,75.0,0.3,6.0,18.0,33.3,37.0,5.0,43.2,38.1,3.0,66.7,52.3,15.0,1.0,6.7,0.0,11.0,False,WestHam_Chelsea_20250822
James Trafford,engENG,22-317,90.0,5.0,2.0,3.0,60.0,2.1,3.0,12.0,25.0,34.0,5.0,26.5,28.4,8.0,37.5,35.8,10.0,0.0,0.0,9.0,23.1,True,ManchesterCity_Tottenham_20250823
Guglielmo Vicario,itITA,28-320,90.0,4.0,0.0,4.0,100.0,0.6,4.0,20.0,20.0,40.0,3.0,42.5,35.5,10.0,30.0,29.6,13.0,0.0,0.0,1.0,16.0,False,ManchesterCity_Tottenham_20250823
Đorđe Petrović,rsSRB,25-319,90.0,1.0,0.0,1.0,100.0,0.2,3.0,12.0,25.0,20.0,3.0,50.0,40.4,4.0,50.0,43.8,13.0,1.0,7.7,2.0,13.8,True,Bournemouth_Wolves_20250823
José Sá,ptPOR,32-218,90.0,4.0,1.0,3.0,75.0,0.9,8.0,21.0,38.1,29.0,5.0,55.2,43.3,6.0,83.3,65.5,15.0,2.0,13.3,1.0,12.0,False,Bournemouth_Wolves_20250823
Caoimhín Kelleher,ieIRL,26-273,90.0,2.0,0.0,2.0,100.0,0.1,14.0,25.0,56.0,21.0,2.0,85.7,50.4,7.0,100.0,64.9,20.0,1.0,5.0,0.0,6.5,True,Brentford_AstonVilla_20250823
Emiliano Martínez,arARG,32-355,90.0,2.0,1.0,1.0,50.0,1.0,4.0,5.0,80.0,35.0,5.0,14.3,23.3,3.0,0.0,24.3,7.0,1.0,14.3,0.0,13.8,False,Brentford_AstonVilla_20250823
Martin Dúbravka,skSVK,36-220,90.0,1.0,0.0,1.0,100.0,0.7,3.0,19.0,15.8,33.0,7.0,30.3,30.8,10.0,90.0,61.9,18.0,1.0,5.6,0.0,9.0,True,Burnley_Sunderland_20250823
Robin Roefs,nlNED,22-218,90.0,2.0,2.0,0.0,0.0,1.6,3.0,10.0,30.0,25.0,4.0,36.0,32.4,3.0,33.3,42.3,11.0,1.0,9.1,3.0,18.7,False,Burnley_Sunderland_20250823
David Raya,esESP,29-342,90.0,1.0,0.0,1.0,100.0,0.1,4.0,7.0,57.1,32.0,1.0,21.9,28.8,0.0,,,3.0,1.0,33.3,0.0,3.5,True,Arsenal_LeedsUnited_20250823
Lucas Perri,brBRA,27-256,90.0,5.0,5.0,0.0,20.0,2.8,5.0,20.0,25.0,26.0,3.0,46.2,40.7,9.0,88.9,63.1,13.0,0.0,0.0,0.0,14.0,False,Arsenal_LeedsUnited_20250823
Dean Henderson,engENG,28-165,90.0,1.0,1.0,0.0,0.0,0.3,1.0,13.0,7.7,31.0,2.0,35.5,32.7,10.0,20.0,26.6,20.0,1.0,5.0,0.0,4.0,True,CrystalPalace_Nott'hamForest_20250824
Matz Sels,beBEL,33-179,90.0,4.0,1.0,3.0,75.0,0.8,5.0,14.0,35.7,24.0,6.0,50.0,39.8,6.0,33.3,35.0,10.0,1.0,10.0,1.0,16.6,False,CrystalPalace_Nott'hamForest_20250824
Jordan Pickford,engENG,31-170,90.0,4.0,0.0,3.0,100.0,1.5,16.0,35.0,45.7,43.0,2.0,67.4,48.8,6.0,100.0,70.7,9.0,1.0,11.1,3.0,18.6,True,Everton_Brighton_20250824
Bart Verbruggen,nlNED,23-006,90.0,3.0,2.0,1.0,33.3,1.2,3.0,14.0,21.4,40.0,9.0,30.0,31.1,3.0,66.7,35.7,8.0,0.0,0.0,0.0,16.7,False,Everton_Brighton_20250824
Bernd Leno,deGER,33-173,90.0,3.0,1.0,3.0,66.7,0.5,2.0,13.0,15.4,33.0,4.0,24.2,30.7,7.0,71.4,60.6,11.0,0.0,0.0,0.0,9.6,True,Fulham_ManchesterUtd_20250824
Altay Bayındır,trTUR,27-132,90.0,3.0,1.0,2.0,66.7,1.4,3.0,15.0,20.0,24.0,4.0,50.0,39.3,5.0,60.0,46.8,23.0,1.0,4.3,0.0,5.0,False,Fulham_ManchesterUtd_20250824
Nick Pope,engENG,33-128,90.0,4.0,3.0,1.0,25.0,2.3,1.0,12.0,8.3,17.0,3.0,47.1,39.4,5.0,80.0,52.8,7.0,0.0,0.0,2.0,24.5,True,NewcastleUtd_Liverpool_20250825
Alisson,brBRA,32-327,90.0,3.0,2.0,1.0,33.3,1.9,6.0,16.0,37.5,36.0,4.0,38.9,35.1,2.0,100.0,66.0,19.0,1.0,5.3,5.0,16.4,False,NewcastleUtd_Liverpool_20250825
Robert Sánchez,esESP,27-285,90.0,1.0,0.0,1.0,100.0,0.1,1.0,11.0,9.1,32.0,3.0,31.3,36.3,2.0,50.0,46.0,11.0,0.0,0.0,0.0,14.5,True,Chelsea_Fulham_20250830
Bernd Leno,deGER,33-179,90.0,6.0,2.0,4.0,83.3,2.5,5.0,21.0,23.8,46.0,8.0,37.0,33.0,6.0,66.7,45.3,11.0,1.0,9.1,2.0,19.6,False,Chelsea_Fulham_20250830
José Sá,ptPOR,32-225,90.0,4.0,3.0,1.0,25.0,2.6,6.0,16.0,37.5,34.0,4.0,38.2,36.7,4.0,75.0,56.8,9.0,1.0,11.1,1.0,14.2,True,Wolves_Everton_20250830
Jordan Pickford,engENG,31-176,90.0,4.0,2.0,2.0,50.0,1.2,12.0,31.0,38.7,34.0,2.0,73.5,50.9,7.0,85.7,68.4,12.0,1.0,8.3,3.0,18.7,False,Wolves_Everton_20250830
Altay Bayındır,trTUR,27-138,90.0,3.0,2.0,1.0,33.3,1.5,8.0,17.0,47.1,30.0,2.0,50.0,38.9,2.0,100.0,64.0,6.0,2.0,33.3,1.0,14.0,True,ManchesterUtd_Burnley_20250830
Martin Dúbravka,skSVK,36-227,90.0,6.0,3.0,4.0,66.7,2.2,8.0,28.0,28.6,21.0,5.0,52.4,38.0,18.0,94.4,65.3,24.0,0.0,0.0,1.0,14.8,False,ManchesterUtd_Burnley_20250830
Robin Roefs,nlNED,22-225,90.0,4.0,1.0,2.0,75.0,1.5,6.0,17.0,35.3,49.0,1.0,28.6,32.7,3.0,100.0,76.7,11.0,1.0,9.1,3.0,22.8,True,Sunderland_Brentford_20250830
Caoimhín Kelleher,ieIRL,26-280,90.0,3.0,2.0,1.0,66.7,1.1,6.0,21.0,28.6,33.0,2.0,36.4,30.6,10.0,90.0,66.1,16.0,1.0,6.3,0.0,6.0,False,Sunderland_Brentford_20250830
Guglielmo Vicario,itITA,28-327,90.0,6.0,1.0,5.0,83.3,1.5,6.0,14.0,42.9,53.0,7.0,17.0,28.1,5.0,100.0,61.2,15.0,1.0,6.7,3.0,18.9,True,Tottenham_Bournemouth_20250830
Đorđe Petrović,rsSRB,25-326,90.0,1.0,0.0,1.0,100.0,0.2,7.0,20.0,35.0,25.0,3.0,56.0,46.6,7.0,85.7,64.7,11.0,3.0,27.3,1.0,11.3,False,Tottenham_Bournemouth_20250830
Lucas Perri,brBRA,27-263,90.0,2.0,0.0,2.0,100.0,0.1,9.0,37.0,24.3,35.0,6.0,80.0,49.5,9.0,100.0,67.2,12.0,1.0,8.3,0.0,7.5,True,LeedsUnited_NewcastleUtd_20250830
Nick Pope,engENG,33-133,90.0,1.0,0.0,1.0,100.0,0.1,2.0,6.0,33.3,23.0,11.0,13.0,25.4,7.0,42.9,39.3,12.0,3.0,25.0,2.0,16.2,False,LeedsUnited_NewcastleUtd_20250830
Matz Sels,beBEL,33-186,90.0,8.0,3.0,5.0,75.0,3.3,0.0,3.0,0.0,9.0,3.0,33.3,30.9,5.0,0.0,14.0,13.0,0.0,0.0,0.0,8.0,True,Nott'hamForest_WestHam_20250831
Mads Hermansen,dkDEN,25-051,90.0,3.0,0.0,3.0,100.0,0.3,2.0,14.0,14.3,45.0,10.0,24.4,27.3,4.0,75.0,51.5,27.0,3.0,11.1,0.0,9.2,False,Nott'hamForest_WestHam_20250831
Bart Verbruggen,nlNED,23-013,90.0,3.0,1.0,2.0,66.7,1.1,4.0,19.0,21.1,35.0,4.0,31.4,35.2,9.0,88.9,61.2,4.0,1.0,25.0,1.0,18.5,True,Brighton_ManchesterCity_20250831
James Trafford,engENG,22-325,90.0,7.0,2.0,5.0,85.7,3.1,6.0,16.0,37.5,41.0,3.0,31.7,31.7,4.0,75.0,55.3,5.0,1.0,20.0,3.0,15.6,False,Brighton_ManchesterCity_20250831
Alisson,brBRA,32-333,90.0,1.0,0.0,1.0,100.0,0.6,4.0,13.0,30.8,48.0,3.0,25.0,31.8,2.0,50.0,39.5,12.0,0.0,0.0,2.0,18.0,True,Liverpool_Arsenal_20250831
David Raya,esESP,29-350,90.0,3.0,1.0,2.0,66.7,0.3,12.0,26.0,46.2,49.0,7.0,49.0,40.3,2.0,100.0,69.0,6.0,2.0,33.3,2.0,17.6,False,Liverpool_Arsenal_20250831
Marco Bizot,nlNED,34-174,90.0,4.0,3.0,1.0,50.0,2.4,3.0,3.0,100.0,19.0,4.0,10.5,26.1,3.0,33.3,38.0,6.0,1.0,16.7,7.0,21.7,True,AstonVilla_CrystalPalace_20250831
Dean Henderson,engENG,28-172,90.0,4.0,0.0,4.0,100.0,1.0,5.0,17.0,29.4,25.0,6.0,40.0,38.4,8.0,87.5,65.4,23.0,4.0,17.4,0.0,6.0,False,AstonVilla_CrystalPalace_20250831
David Raya,esESP,29-363,90.0,1.0,0.0,1.0,100.0,0.1,3.0,6.0,50.0,32.0,5.0,18.8,26.1,1.0,0.0,21.0,9.0,0.0,0.0,2.0,23.3,True,Arsenal_Nott'hamForest_20250913
Matz Sels,beBEL,33-199,90.0,5.0,3.0,2.0,40.0,2.2,4.0,9.0,44.4,19.0,3.0,36.8,33.5,11.0,18.2,21.3,15.0,0.0,0.0,0.0,5.0,False,Arsenal_Nott'hamForest_20250913
Nick Pope,engENG,33-147,90.0,3.0,0.0,3.0,100.0,0.3,1.0,6.0,16.7,18.0,6.0,16.7,28.9,8.0,37.5,37.8,11.0,2.0,18.2,1.0,13.3,True,NewcastleUtd_Wolves_20250913
Sam Johnstone,engENG,32-172,90.0,4.0,1.0,3.0,75.0,1.8,7.0,27.0,25.9,37.0,8.0,59.5,42.2,8.0,62.5,47.5,21.0,0.0,0.0,3.0,14.8,False,NewcastleUtd_Wolves_20250913
Bernd Leno,deGER,33-193,90.0,3.0,0.0,3.0,100.0,0.5,1.0,2.0,50.0,23.0,5.0,4.3,18.3,5.0,20.0,24.4,9.0,0.0,0.0,0.0,10.0,True,Fulham_LeedsUnited_20250913
Karl Darlow,wlsWAL,34-340,90.0,3.0,1.0,3.0,66.7,0.9,7.0,21.0,33.3,38.0,7.0,50.0,41.6,3.0,66.7,49.3,20.0,1.0,5.0,0.0,8.0,False,Fulham_LeedsUnited_20250913
Dean Henderson,engENG,28-185,90.0,0.0,0.0,0.0,,0.0,8.0,18.0,44.4,35.0,5.0,40.0,35.0,7.0,57.1,49.7,15.0,0.0,0.0,1.0,16.0,True,CrystalPalace_Sunderland_20250913
Robin Roefs,nlNED,22-239,90.0,6.0,0.0,6.0,100.0,1.4,7.0,18.0,38.9,37.0,4.0,35.1,32.6,6.0,83.3,65.0,16.0,2.0,12.5,1.0,12.9,False,CrystalPalace_Sunderland_20250913
Jordan Pickford,engENG,31-190,90.0,1.0,0.0,1.0,100.0,0.1,6.0,17.0,35.3,33.0,4.0,42.4,37.9,3.0,100.0,63.0,7.0,1.0,14.3,0.0,4.0,True,Everton_AstonVilla_20250913
Emiliano Martínez,arARG,33-011,90.0,2.0,0.0,2.0,100.0,0.3,5.0,19.0,26.3,30.0,1.0,46.7,37.6,5.0,100.0,67.8,16.0,1.0,6.3,0.0,6.5,False,Everton_AstonVilla_20250913
Đorđe Petrović,rsSRB,25-340,90.0,2.0,1.0,1.0,50.0,1.3,7.0,16.0,43.8,24.0,4.0,29.2,32.9,12.0,75.0,54.5,13.0,0.0,0.0,2.0,18.0,True,Bournemouth_Brighton_20250913
Bart Verbruggen,nlNED,23-026,90.0,5.0,2.0,3.0,80.0,1.5,4.0,10.0,40.0,38.0,4.0,26.3,29.9,0.0,,,13.0,0.0,0.0,2.0,14.1,False,Bournemouth_Brighton_20250913
Mads Hermansen,dkDEN,25-064,90.0,5.0,3.0,2.0,40.0,2.2,5.0,22.0,22.7,26.0,2.0,50.0,38.0,9.0,100.0,67.9,25.0,0.0,0.0,0.0,3.0,True,WestHam_Tottenham_20250913
Guglielmo Vicario,itITA,28-341,90.0,4.0,0.0,4.0,100.0,0.4,1.0,5.0,20.0,41.0,5.0,12.2,24.4,1.0,0.0,6.0,7.0,0.0,0.0,0.0,10.0,False,WestHam_Tottenham_20250913
Caoimhín Kelleher,ieIRL,26-294,90.0,6.0,2.0,4.0,66.7,2.2,8.0,16.0,50.0,29.0,7.0,41.4,34.4,4.0,100.0,62.0,9.0,0.0,0.0,0.0,10.0,True,Brentford_Chelsea_20250913
Robert Sánchez,esESP,27-299,90.0,4.0,2.0,2.0,50.0,2.3,1.0,3.0,33.3,16.0,6.0,18.8,30.1,1.0,0.0,35.0,13.0,3.0,23.1,2.0,12.0,False,Brentford_Chelsea_20250913
Martin Dúbravka,skSVK,36-242,90.0,4.0,1.0,3.0,100.0,1.1,5.0,39.0,12.8,22.0,4.0,81.8,51.6,21.0,100.0,66.9,36.0,1.0,2.8,0.0,4.8,True,Burnley_Liverpool_20250914
Alisson,brBRA,32-347,90.0,0.0,0.0,0.0,,0.0,2.0,4.0,50.0,22.0,3.0,18.2,25.3,3.0,0.0,15.7,3.0,0.0,0.0,0.0,16.0,False,Burnley_Liverpool_20250914
Gianluigi Donnarumma,itITA,26-201,90.0,2.0,0.0,2.0,100.0,0.1,4.0,16.0,25.0,28.0,3.0,39.3,33.0,5.0,100.0,60.0,17.0,0.0,0.0,0.0,6.3,True,ManchesterCity_ManchesterUtd_20250914
Altay Bayındır,trTUR,27-153,90.0,6.0,3.0,3.0,50.0,2.3,4.0,19.0,21.1,29.0,2.0,55.2,38.4,4.0,75.0,52.5,2.0,0.0,0.0,3.0,21.8,False,ManchesterCity_ManchesterUtd_20250914
Alisson,brBRA,32-353,90.0,2.0,1.0,1.0,50.0,0.6,4.0,11.0,36.4,45.0,5.0,22.2,27.5,2.0,50.0,41.0,18.0,0.0,0.0,0.0,12.3,True,Liverpool_Everton_20250920
Jordan Pickford,engENG,31-197,90.0,3.0,2.0,1.0,33.3,1.2,7.0,25.0,28.0,36.0,3.0,55.6,42.3,6.0,83.3,66.3,10.0,0.0,0.0,4.0,24.6,False,Liverpool_Everton_20250920
José Sá,ptPOR,32-246,90.0,4.0,3.0,1.0,25.0,1.3,6.0,15.0,40.0,27.0,2.0,40.7,35.6,5.0,80.0,62.6,7.0,0.0,0.0,2.0,20.2,True,Wolves_LeedsUnited_20250920
Karl Darlow,wlsWAL,34-347,90.0,6.0,1.0,5.0,83.3,1.3,6.0,23.0,26.1,35.0,7.0,48.6,39.6,7.0,85.7,62.0,29.0,2.0,6.9,0.0,10.0,False,Wolves_LeedsUnited_20250920
Bart Verbruggen,nlNED,23-033,90.0,3.0,2.0,2.0,33.3,1.4,4.0,22.0,18.2,35.0,3.0,57.1,43.4,3.0,66.7,48.3,27.0,0.0,0.0,0.0,4.0,True,Brighton_Tottenham_20250920
Guglielmo Vicario,itITA,28-348,90.0,4.0,2.0,2.0,50.0,1.3,7.0,14.0,50.0,41.0,8.0,34.1,30.6,6.0,0.0,17.0,5.0,1.0,20.0,5.0,17.2,False,Brighton_Tottenham_20250920
Martin Dúbravka,skSVK,36-248,90.0,8.0,1.0,7.0,87.5,1.5,3.0,13.0,23.1,25.0,9.0,40.0,37.0,5.0,60.0,53.0,17.0,1.0,5.9,0.0,4.5,True,Burnley_Nott'hamForest_20250920
Matz Sels,beBEL,33-206,90.0,5.0,1.0,4.0,80.0,1.0,5.0,10.0,50.0,21.0,3.0,42.9,33.0,6.0,16.7,23.3,21.0,1.0,4.8,0.0,5.7,False,Burnley_Nott'hamForest_20250920
Alphonse Areola,frFRA,32-205,90.0,3.0,2.0,1.0,33.3,1.4,2.0,14.0,14.3,30.0,6.0,26.7,30.4,11.0,54.5,48.0,15.0,1.0,6.7,0.0,7.0,True,WestHam_CrystalPalace_20250920
Dean Henderson,engENG,28-192,90.0,3.0,1.0,2.0,66.7,1.3,10.0,19.0,52.6,30.0,4.0,50.0,37.1,8.0,50.0,40.1,16.0,0.0,0.0,0.0,6.3,False,WestHam_CrystalPalace_20250920
Altay Bayındır,trTUR,27-159,90.0,1.0,1.0,0.0,0.0,0.7,3.0,18.0,16.7,23.0,0.0,73.9,44.9,1.0,100.0,60.0,11.0,0.0,0.0,2.0,18.4,True,ManchesterUtd_Chelsea_20250920
Robert Sánchez,esESP,27-306,4.0,1.0,,1.0,,0.1,,1.0,,,,,,,,,3.0,,,1.0,23.0,False,ManchesterUtd_Chelsea_20250920
Filip Jørgensen,dkDEN,23-157,83.0,3.0,2.0,1.0,33.3,1.8,3.0,10.0,30.0,31.0,1.0,22.6,26.0,4.0,75.0,55.8,20.0,0.0,0.0,1.0,16.3,False,ManchesterUtd_Chelsea_20250920
Bernd Leno,deGER,33-200,90.0,3.0,1.0,2.0,66.7,0.9,3.0,14.0,21.4,36.0,6.0,27.8,31.9,4.0,100.0,69.8,19.0,1.0,5.3,0.0,2.0,True,Fulham_Brentford_20250920
Caoimhín Kelleher,ieIRL,26-301,90.0,3.0,3.0,1.0,0.0,0.8,2.0,12.0,16.7,39.0,3.0,23.1,28.5,5.0,60.0,51.4,6.0,0.0,0.0,1.0,15.5,False,Fulham_Brentford_20250920
Đorđe Petrović,rsSRB,25-348,90.0,1.0,0.0,1.0,100.0,0.3,0.0,5.0,0.0,18.0,4.0,16.7,24.2,5.0,40.0,39.0,11.0,1.0,9.1,0.0,9.0,True,Bournemouth_NewcastleUtd_20250921
Nick Pope,engENG,33-155,90.0,2.0,0.0,2.0,100.0,0.3,4.0,22.0,18.2,29.0,4.0,58.6,41.7,5.0,100.0,67.4,17.0,3.0,17.6,7.0,22.3,False,Bournemouth_NewcastleUtd_20250921
Robin Roefs,nlNED,22-247,90.0,2.0,1.0,1.0,50.0,0.2,7.0,22.0,31.8,21.0,2.0,52.4,42.8,12.0,91.7,64.2,19.0,1.0,5.3,0.0,8.0,True,Sunderland_AstonVilla_20250921
Emiliano Martínez,arARG,33-019,90.0,4.0,1.0,3.0,75.0,1.0,0.0,2.0,0.0,26.0,5.0,7.7,23.3,2.0,0.0,13.5,11.0,0.0,0.0,0.0,5.0,False,Sunderland_AstonVilla_20250921
David Raya,esESP,30-006,90.0,3.0,1.0,2.0,66.7,1.1,7.0,15.0,46.7,34.0,1.0,41.2,34.9,1.0,100.0,70.0,4.0,0.0,0.0,3.0,27.0,True,Arsenal_ManchesterCity_20250921
Gianluigi Donnarumma,itITA,26-208,90.0,3.0,1.0,2.0,66.7,1.2,6.0,18.0,33.3,24.0,2.0,54.2,37.0,5.0,100.0,61.4,23.0,0.0,0.0,0.0,3.7,False,Arsenal_ManchesterCity_20250921
Caoimhín Kelleher,ieIRL,26-308,90.0,6.0,1.0,4.0,83.3,1.8,8.0,20.0,40.0,29.0,4.0,58.6,42.7,3.0,100.0,63.0,12.0,2.0,16.7,0.0,4.0,True,Brentford_ManchesterUtd_20250927
Altay Bayındır,trTUR,27-166,90.0,8.0,3.0,5.0,62.5,2.3,5.0,11.0,45.5,24.0,4.0,41.7,36.0,2.0,50.0,38.0,13.0,1.0,7.7,0.0,1.7,False,Brentford_ManchesterUtd_20250927
Dean Henderson,engENG,28-199,90.0,4.0,1.0,3.0,75.0,1.8,3.0,29.0,10.3,29.0,4.0,65.5,50.8,13.0,76.9,57.5,21.0,1.0,4.8,1.0,13.3,True,CrystalPalace_Liverpool_20250927
Alisson,brBRA,32-360,90.0,7.0,2.0,5.0,71.4,2.6,0.0,5.0,0.0,47.0,8.0,8.5,25.0,5.0,20.0,28.6,8.0,1.0,12.5,1.0,13.3,False,CrystalPalace_Liverpool_20250927
Gianluigi Donnarumma,itITA,26-214,90.0,2.0,1.0,1.0,50.0,0.6,1.0,2.0,50.0,17.0,2.0,11.8,26.4,2.0,0.0,14.5,6.0,0.0,0.0,0.0,,True,ManchesterCity_Burnley_20250927
Martin Dúbravka,skSVK,36-255,90.0,8.0,5.0,5.0,37.5,2.8,12.0,21.0,57.1,24.0,3.0,50.0,33.5,11.0,81.8,61.6,18.0,1.0,5.6,0.0,7.8,False,ManchesterCity_Burnley_20250927
Robert Sánchez,esESP,27-313,90.0,3.0,3.0,0.0,0.0,1.8,3.0,24.0,12.5,53.0,6.0,34.0,33.7,8.0,75.0,61.9,11.0,5.0,45.5,0.0,6.6,True,Chelsea_Brighton_20250927
Bart Verbruggen,nlNED,23-040,90.0,3.0,1.0,2.0,66.7,2.1,1.0,5.0,20.0,22.0,5.0,18.2,33.2,3.0,33.3,41.7,10.0,0.0,0.0,3.0,21.0,False,Chelsea_Brighton_20250927
Karl Darlow,wlsWAL,34-354,90.0,5.0,2.0,3.0,60.0,1.1,11.0,29.0,37.9,47.0,7.0,46.8,38.1,8.0,87.5,59.8,20.0,0.0,0.0,1.0,17.0,True,LeedsUnited_Bournemouth_20250927
Đorđe Petrović,rsSRB,25-354,90.0,8.0,2.0,6.0,75.0,2.0,3.0,9.0,33.3,23.0,7.0,34.8,33.8,5.0,20.0,30.0,13.0,1.0,7.7,1.0,14.3,False,LeedsUnited_Bournemouth_20250927
Matz Sels,beBEL,33-213,90.0,3.0,1.0,2.0,66.7,1.4,1.0,9.0,11.1,25.0,2.0,32.0,31.2,4.0,25.0,30.8,14.0,0.0,0.0,2.0,19.5,True,Nott'hamForest_Sunderland_20250927
Robin Roefs,nlNED,22-253,90.0,6.0,0.0,6.0,100.0,1.3,5.0,17.0,29.4,37.0,4.0,29.7,35.8,6.0,100.0,68.3,35.0,4.0,11.4,1.0,7.3,False,Nott'hamForest_Sunderland_20250927
Guglielmo Vicario,itITA,28-355,90.0,3.0,1.0,2.0,66.7,1.0,4.0,7.0,57.1,23.0,5.0,26.1,27.5,3.0,33.3,32.3,11.0,1.0,9.1,3.0,18.5,True,Tottenham_Wolves_20250927
Sam Johnstone,engENG,32-186,90.0,3.0,1.0,2.0,66.7,1.4,9.0,28.0,32.1,39.0,4.0,59.0,40.6,6.0,83.3,58.7,30.0,1.0,3.3,0.0,3.7,False,Tottenham_Wolves_20250927
Emiliano Martínez,arARG,33-026,90.0,3.0,1.0,2.0,66.7,0.8,5.0,14.0,35.7,41.0,5.0,26.8,30.7,3.0,100.0,65.7,24.0,1.0,4.2,2.0,17.0,True,AstonVilla_Fulham_20250928
Bernd Leno,deGER,33-208,90.0,4.0,3.0,1.0,25.0,1.7,0.0,3.0,0.0,33.0,4.0,9.1,25.0,0.0,,,8.0,2.0,25.0,4.0,18.3,False,AstonVilla_Fulham_20250928
Nick Pope,engENG,33-162,90.0,7.0,2.0,5.0,71.4,2.7,6.0,19.0,31.6,30.0,8.0,43.3,40.9,7.0,85.7,57.0,19.0,4.0,21.1,6.0,17.1,True,NewcastleUtd_Arsenal_20250928
David Raya,esESP,30-013,90.0,3.0,1.0,2.0,66.7,0.9,5.0,22.0,22.7,34.0,6.0,55.9,43.0,3.0,100.0,67.3,13.0,1.0,7.7,3.0,23.1,False,NewcastleUtd_Arsenal_20250928
Jordan Pickford,engENG,31-206,90.0,3.0,1.0,2.0,66.7,1.2,7.0,13.0,53.8,32.0,4.0,37.5,34.8,3.0,33.3,27.7,15.0,0.0,0.0,4.0,21.3,True,Everton_WestHam_20250929
Alphonse Areola,frFRA,32-214,90.0,6.0,1.0,5.0,83.3,0.5,5.0,17.0,29.4,32.0,7.0,37.5,34.0,6.0,83.3,55.0,15.0,0.0,0.0,0.0,3.0,False,Everton_WestHam_20250929
Đorđe Petrović,rsSRB,25-360,90.0,4.0,1.0,3.0,75.0,1.1,3.0,8.0,37.5,18.0,6.0,16.7,22.1,6.0,83.3,65.7,12.0,0.0,0.0,3.0,19.4,True,Bournemouth_Fulham_20251003
Bernd Leno,deGER,33-213,90.0,6.0,3.0,3.0,50.0,1.8,3.0,6.0,50.0,24.0,2.0,20.8,29.7,5.0,20.0,28.0,16.0,0.0,0.0,0.0,6.3,False,Bournemouth_Fulham_20251003
Karl Darlow,wlsWAL,34-361,90.0,3.0,2.0,1.0,33.3,0.6,4.0,18.0,22.2,33.0,3.0,36.4,36.4,7.0,85.7,57.7,7.0,1.0,14.3,2.0,10.8,True,LeedsUnited_Tottenham_20251004
Guglielmo Vicario,itITA,28-362,90.0,4.0,1.0,3.0,75.0,1.3,1.0,12.0,8.3,21.0,3.0,38.1,36.0,15.0,26.7,29.9,17.0,0.0,0.0,1.0,28.0,False,LeedsUnited_Tottenham_20251004
David Raya,esESP,30-019,90.0,0.0,0.0,0.0,,0.0,1.0,6.0,16.7,29.0,5.0,17.2,25.3,2.0,50.0,40.0,8.0,0.0,0.0,1.0,19.3,True,Arsenal_WestHam_20251004
Alphonse Areola,frFRA,32-219,90.0,5.0,2.0,3.0,80.0,2.1,4.0,17.0,23.5,20.0,2.0,70.0,45.2,7.0,42.9,34.0,19.0,1.0,5.3,0.0,3.7,False,Arsenal_WestHam_20251004
Senne Lammens,beBEL,23-089,90.0,3.0,0.0,3.0,100.0,0.9,10.0,37.0,27.0,39.0,2.0,76.9,50.7,7.0,100.0,68.1,13.0,2.0,15.4,3.0,16.8,True,ManchesterUtd_Sunderland_20251004
Robin Roefs,nlNED,22-260,90.0,6.0,2.0,4.0,66.7,2.1,3.0,20.0,15.0,43.0,5.0,37.2,35.6,4.0,100.0,69.3,5.0,0.0,0.0,3.0,20.5,False,ManchesterUtd_Sunderland_20251004
Robert Sánchez,esESP,27-320,90.0,2.0,1.0,1.0,50.0,1.0,6.0,24.0,25.0,50.0,8.0,40.0,37.4,6.0,66.7,57.2,6.0,1.0,16.7,1.0,11.7,True,Chelsea_Liverpool_20251004
Giorgi Mamardashvili,geGEO,25-005,90.0,6.0,2.0,4.0,66.7,1.6,6.0,15.0,40.0,46.0,10.0,28.3,28.8,6.0,33.3,32.7,16.0,2.0,12.5,2.0,13.7,False,Chelsea_Liverpool_20251004
Sam Johnstone,engENG,32-194,90.0,6.0,1.0,5.0,83.3,1.5,11.0,31.0,35.5,39.0,7.0,56.4,41.4,11.0,81.8,57.4,26.0,3.0,11.5,1.0,15.4,True,Wolves_Brighton_20251005
Bart Verbruggen,nlNED,23-048,90.0,3.0,1.0,3.0,66.7,0.6,1.0,6.0,16.7,41.0,5.0,14.6,25.0,0.0,,,12.0,1.0,8.3,1.0,13.7,False,Wolves_Brighton_20251005
Jordan Pickford,engENG,31-212,90.0,6.0,1.0,5.0,83.3,1.4,9.0,23.0,39.1,39.0,3.0,53.8,40.3,2.0,100.0,64.0,11.0,0.0,0.0,2.0,18.3,True,Everton_CrystalPalace_20251005
Dean Henderson,engENG,28-207,90.0,7.0,2.0,5.0,85.7,2.4,2.0,17.0,11.8,33.0,4.0,45.5,35.0,3.0,66.7,51.3,11.0,1.0,9.1,0.0,13.2,False,Everton_CrystalPalace_20251005
Emiliano Martínez,arARG,33-033,90.0,2.0,1.0,1.0,50.0,0.3,7.0,12.0,58.3,48.0,3.0,22.9,30.7,1.0,100.0,92.0,7.0,1.0,14.3,4.0,20.8,True,AstonVilla_Burnley_20251005
Martin Dúbravka,skSVK,36-263,90.0,7.0,2.0,5.0,71.4,2.0,3.0,15.0,20.0,24.0,2.0,33.3,30.1,7.0,100.0,66.7,9.0,0.0,0.0,0.0,11.0,False,AstonVilla_Burnley_20251005
Nick Pope,engENG,33-169,90.0,4.0,0.0,4.0,100.0,0.2,0.0,8.0,0.0,17.0,7.0,35.3,33.0,4.0,50.0,43.3,12.0,1.0,8.3,1.0,12.3,True,NewcastleUtd_Nott'hamForest_20251005
Matz Sels,beBEL,33-221,90.0,9.0,2.0,7.0,88.9,3.6,3.0,16.0,18.8,29.0,5.0,51.7,38.7,5.0,20.0,22.4,21.0,0.0,0.0,0.0,,False,NewcastleUtd_Nott'hamForest_20251005
Caoimhín Kelleher,ieIRL,26-316,90.0,4.0,1.0,3.0,75.0,0.5,3.0,10.0,30.0,36.0,9.0,25.0,28.4,2.0,50.0,45.0,7.0,2.0,28.6,1.0,17.8,True,Brentford_ManchesterCity_20251005
Gianluigi Donnarumma,itITA,26-222,90.0,1.0,0.0,1.0,100.0,0.2,4.0,7.0,57.1,29.0,5.0,17.2,24.3,2.0,100.0,50.5,7.0,4.0,57.1,1.0,13.0,False,Brentford_ManchesterCity_20251005
Matz Sels,beBEL,33-234,90.0,6.0,3.0,3.0,50.0,2.2,1.0,11.0,9.1,20.0,5.0,45.0,39.5,8.0,25.0,27.4,9.0,0.0,0.0,2.0,13.3,True,Nott'hamForest_Chelsea_20251018
Robert Sánchez,esESP,27-334,90.0,2.0,0.0,2.0,100.0,0.5,9.0,26.0,34.6,51.0,6.0,37.3,33.3,7.0,100.0,67.6,17.0,1.0,5.9,0.0,12.7,False,Nott'hamForest_Chelsea_20251018
Robin Roefs,nlNED,22-274,90.0,3.0,0.0,3.0,100.0,0.3,4.0,23.0,17.4,26.0,0.0,46.2,40.8,11.0,100.0,72.5,22.0,1.0,4.5,0.0,8.5,True,Sunderland_Wolves_20251018
Sam Johnstone,engENG,32-207,90.0,2.0,2.0,1.0,0.0,0.2,9.0,19.0,47.4,35.0,6.0,45.7,38.1,7.0,42.9,42.0,12.0,0.0,0.0,2.0,17.5,False,Sunderland_Wolves_20251018
Martin Dúbravka,skSVK,36-276,90.0,4.0,0.0,4.0,100.0,0.5,9.0,18.0,50.0,17.0,2.0,41.2,34.1,11.0,100.0,69.5,30.0,1.0,3.3,2.0,10.4,True,Burnley_LeedsUnited_20251018
Karl Darlow,wlsWAL,35-010,90.0,3.0,2.0,1.0,33.3,1.2,2.0,9.0,22.2,28.0,4.0,32.1,30.9,1.0,0.0,16.0,6.0,1.0,16.7,1.0,15.3,False,Burnley_LeedsUnited_20251018
Bart Verbruggen,nlNED,23-061,90.0,3.0,1.0,2.0,66.7,1.1,3.0,18.0,16.7,31.0,3.0,51.6,41.3,2.0,100.0,60.5,19.0,0.0,0.0,0.0,6.5,True,Brighton_NewcastleUtd_20251018
Nick Pope,engENG,33-182,90.0,5.0,2.0,3.0,60.0,1.4,2.0,10.0,20.0,27.0,13.0,22.2,30.1,5.0,80.0,55.6,12.0,2.0,16.7,5.0,24.4,False,Brighton_NewcastleUtd_20251018
Dean Henderson,engENG,28-220,90.0,5.0,3.0,2.0,40.0,3.1,7.0,18.0,38.9,35.0,1.0,48.6,40.3,2.0,50.0,37.0,12.0,0.0,0.0,0.0,16.0,True,CrystalPalace_Bournemouth_20251018
Đorđe Petrović,rsSRB,26-010,90.0,7.0,3.0,4.0,71.4,3.6,3.0,14.0,21.4,36.0,10.0,19.4,26.4,10.0,70.0,51.6,14.0,5.0,35.7,5.0,14.4,False,CrystalPalace_Bournemouth_20251018
Gianluigi Donnarumma,itITA,26-235,90.0,1.0,0.0,1.0,100.0,0.1,0.0,5.0,0.0,34.0,4.0,14.7,25.4,1.0,0.0,19.0,8.0,1.0,12.5,0.0,6.0,True,ManchesterCity_Everton_20251018
Jordan Pickford,engENG,31-225,90.0,7.0,2.0,5.0,71.4,1.5,7.0,22.0,31.8,32.0,4.0,62.5,42.5,3.0,66.7,48.3,13.0,0.0,0.0,0.0,12.3,False,ManchesterCity_Everton_20251018
Bernd Leno,deGER,33-228,90.0,5.0,1.0,4.0,80.0,1.4,7.0,19.0,36.8,35.0,6.0,40.0,34.6,7.0,71.4,54.9,20.0,2.0,10.0,3.0,14.1,True,Fulham_Arsenal_20251018
David Raya,esESP,30-033,90.0,0.0,0.0,0.0,,0.0,3.0,13.0,23.1,19.0,3.0,42.1,36.2,8.0,62.5,52.0,16.0,0.0,0.0,4.0,26.9,False,Fulham_Arsenal_20251018
Guglielmo Vicario,itITA,29-012,90.0,2.0,2.0,0.0,0.0,1.0,3.0,6.0,50.0,26.0,5.0,19.2,29.0,3.0,33.3,32.3,11.0,0.0,0.0,3.0,27.5,True,Tottenham_AstonVilla_20251019
Emiliano Martínez,arARG,33-047,90.0,3.0,1.0,2.0,66.7,1.0,2.0,13.0,15.4,32.0,4.0,31.3,32.6,4.0,75.0,52.5,20.0,2.0,10.0,2.0,11.6,False,Tottenham_AstonVilla_20251019
Giorgi Mamardashvili,geGEO,25-020,90.0,4.0,2.0,2.0,50.0,1.0,4.0,8.0,50.0,34.0,6.0,23.5,31.0,3.0,0.0,23.7,10.0,0.0,0.0,3.0,18.2,True,Liverpool_ManchesterUtd_20251019
Senne Lammens,beBEL,23-104,90.0,6.0,1.0,5.0,83.3,2.3,8.0,45.0,17.8,29.0,1.0,93.1,59.0,18.0,100.0,70.2,33.0,2.0,6.1,0.0,4.3,False,Liverpool_ManchesterUtd_20251019
Alphonse Areola,frFRA,32-235,90.0,6.0,2.0,4.0,66.7,1.7,7.0,21.0,33.3,28.0,8.0,53.6,39.5,9.0,66.7,49.3,18.0,2.0,11.1,0.0,9.3,True,WestHam_Brentford_20251020
Caoimhín Kelleher,ieIRL,26-331,90.0,1.0,0.0,1.0,100.0,0.4,8.0,13.0,61.5,30.0,5.0,33.3,32.8,3.0,100.0,63.7,14.0,2.0,14.3,0.0,7.0,False,WestHam_Brentford_20251020
Lucas Perri,brBRA,27-318,90.0,3.0,1.0,2.0,66.7,1.0,11.0,27.0,40.7,40.0,5.0,55.0,42.2,5.0,100.0,65.0,19.0,1.0,5.3,2.0,17.8,True,LeedsUnited_WestHam_20251024
Alphonse Areola,frFRA,32-239,90.0,5.0,2.0,3.0,60.0,1.4,4.0,11.0,36.4,22.0,5.0,27.3,29.7,5.0,100.0,62.6,10.0,0.0,0.0,1.0,31.0,False,LeedsUnited_WestHam_20251024
Nick Pope,engENG,33-189,90.0,5.0,1.0,4.0,80.0,2.1,3.0,10.0,30.0,27.0,5.0,22.2,26.8,4.0,100.0,65.0,9.0,1.0,11.1,0.0,7.5,True,NewcastleUtd_Fulham_20251025
Bernd Leno,deGER,33-235,90.0,7.0,2.0,5.0,71.4,2.0,3.0,16.0,18.8,36.0,4.0,27.8,31.3,6.0,100.0,68.5,11.0,0.0,0.0,0.0,9.5,False,NewcastleUtd_Fulham_20251025
Robert Sánchez,esESP,27-341,90.0,4.0,2.0,2.0,50.0,1.6,1.0,10.0,10.0,37.0,5.0,27.0,30.5,1.0,0.0,18.0,6.0,1.0,16.7,2.0,15.7,True,Chelsea_Sunderland_20251025
Robin Roefs,nlNED,22-281,90.0,7.0,1.0,6.0,85.7,1.0,8.0,28.0,28.6,34.0,5.0,67.6,47.4,5.0,100.0,72.4,24.0,4.0,16.7,0.0,5.0,False,Chelsea_Sunderland_20251025
Senne Lammens,beBEL,23-110,90.0,5.0,2.0,3.0,60.0,1.7,11.0,32.0,34.4,42.0,3.0,54.8,39.2,9.0,100.0,60.9,15.0,1.0,6.7,0.0,9.8,True,ManchesterUtd_Brighton_20251025
Bart Verbruggen,nlNED,23-068,90.0,9.0,4.0,5.0,55.6,3.4,3.0,8.0,37.5,40.0,3.0,17.5,26.6,2.0,50.0,42.5,9.0,1.0,11.1,1.0,11.0,False,ManchesterUtd_Brighton_20251025
Caoimhín Kelleher,ieIRL,26-336,90.0,5.0,2.0,3.0,60.0,2.1,7.0,19.0,36.8,33.0,5.0,42.4,37.2,6.0,83.3,58.5,20.0,0.0,0.0,1.0,33.0,True,Brentford_Liverpool_20251025
Giorgi Mamardashvili,geGEO,25-026,90.0,8.0,3.0,5.0,75.0,2.5,3.0,19.0,15.8,48.0,7.0,31.3,31.9,5.0,80.0,54.6,13.0,0.0,0.0,3.0,17.9,False,Brentford_Liverpool_20251025
David Raya,esESP,30-041,90.0,1.0,0.0,1.0,100.0,0.5,7.0,21.0,33.3,37.0,3.0,51.4,40.8,5.0,40.0,41.2,9.0,1.0,11.1,4.0,20.1,True,Arsenal_CrystalPalace_20251026
Dean Henderson,engENG,28-228,90.0,3.0,1.0,2.0,66.7,1.0,3.0,13.0,23.1,19.0,3.0,52.6,42.7,5.0,60.0,47.0,7.0,0.0,0.0,0.0,12.0,False,Arsenal_CrystalPalace_20251026
Emiliano Martínez,arARG,33-054,90.0,3.0,0.0,3.0,100.0,0.2,4.0,17.0,23.5,47.0,7.0,29.8,32.4,4.0,75.0,59.5,19.0,2.0,10.5,0.0,11.3,True,AstonVilla_ManchesterCity_20251026
Gianluigi Donnarumma,itITA,26-243,90.0,3.0,1.0,2.0,66.7,0.8,0.0,0.0,,15.0,3.0,0.0,16.5,1.0,0.0,25.0,11.0,0.0,0.0,0.0,13.0,False,AstonVilla_ManchesterCity_20251026
Sam Johnstone,engENG,32-215,90.0,7.0,3.0,4.0,57.1,1.7,5.0,12.0,41.7,36.0,8.0,33.3,31.8,3.0,0.0,17.0,6.0,0.0,0.0,3.0,20.2,True,Wolves_Burnley_20251026
Martin Dúbravka,skSVK,36-284,90.0,7.0,2.0,5.0,85.7,2.3,8.0,22.0,36.4,29.0,8.0,41.4,35.0,10.0,100.0,74.4,34.0,0.0,0.0,0.0,3.0,False,Wolves_Burnley_20251026
Đorđe Petrović,rsSRB,26-018,90.0,4.0,0.0,4.0,100.0,0.8,1.0,8.0,12.5,28.0,6.0,21.4,25.8,7.0,28.6,33.6,7.0,1.0,14.3,4.0,21.8,True,Bournemouth_Nott'hamForest_20251026
Matz Sels,beBEL,33-242,90.0,5.0,2.0,3.0,60.0,0.6,11.0,25.0,44.0,27.0,1.0,81.5,48.6,4.0,75.0,54.3,9.0,1.0,11.1,2.0,14.0,False,Bournemouth_Nott'hamForest_20251026
Jordan Pickford,engENG,31-233,90.0,4.0,3.0,1.0,25.0,3.2,2.0,11.0,18.2,29.0,3.0,37.9,33.2,2.0,0.0,11.0,13.0,0.0,0.0,4.0,17.2,True,Everton_Tottenham_20251026
Guglielmo Vicario,itITA,29-019,90.0,2.0,0.0,2.0,100.0,1.2,2.0,11.0,18.2,37.0,5.0,21.6,28.2,3.0,100.0,66.0,28.0,1.0,3.6,0.0,5.8,False,Everton_Tottenham_20251026
Dean Henderson,engENG,28-234,90.0,2.0,0.0,2.0,100.0,0.8,3.0,23.0,13.0,23.0,3.0,69.6,52.4,8.0,87.5,68.5,12.0,3.0,25.0,1.0,9.0,True,CrystalPalace_Brentford_20251101
Caoimhín Kelleher,ieIRL,26-343,90.0,3.0,2.0,2.0,33.3,0.8,2.0,8.0,25.0,36.0,8.0,19.4,28.3,3.0,33.3,35.7,14.0,3.0,21.4,3.0,17.2,False,CrystalPalace_Brentford_20251101
Matz Sels,beBEL,33-248,90.0,6.0,2.0,4.0,66.7,1.4,7.0,30.0,23.3,28.0,4.0,85.7,53.4,7.0,85.7,61.1,12.0,1.0,8.3,0.0,4.5,True,Nott'hamForest_ManchesterUtd_20251101
Senne Lammens,beBEL,23-117,90.0,3.0,2.0,1.0,33.3,1.6,4.0,18.0,22.2,38.0,3.0,39.5,35.8,3.0,100.0,62.3,21.0,0.0,0.0,0.0,9.0,False,Nott'hamForest_ManchesterUtd_20251101
Bernd Leno,deGER,33-242,90.0,2.0,0.0,2.0,100.0,0.1,1.0,3.0,33.3,31.0,10.0,6.5,22.4,4.0,25.0,33.0,8.0,1.0,12.5,0.0,10.8,True,Fulham_Wolves_20251101
Sam Johnstone,engENG,32-221,90.0,6.0,3.0,4.0,50.0,1.9,8.0,24.0,33.3,32.0,4.0,56.3,42.3,12.0,50.0,46.1,15.0,0.0,0.0,2.0,25.3,False,Fulham_Wolves_20251101
Martin Dúbravka,skSVK,36-290,90.0,7.0,2.0,5.0,71.4,2.6,9.0,21.0,42.9,29.0,3.0,48.3,38.6,9.0,77.8,57.9,9.0,0.0,0.0,0.0,7.0,True,Burnley_Arsenal_20251101
David Raya,esESP,30-047,90.0,0.0,0.0,0.0,,0.0,1.0,14.0,7.1,31.0,4.0,45.2,38.2,0.0,,,6.0,1.0,16.7,1.0,18.0,False,Burnley_Arsenal_20251101
Bart Verbruggen,nlNED,23-075,90.0,2.0,0.0,2.0,100.0,0.7,3.0,8.0,37.5,43.0,4.0,14.0,24.4,2.0,100.0,63.0,15.0,1.0,6.7,1.0,15.5,True,Brighton_LeedsUnited_20251101
Lucas Perri,brBRA,27-326,90.0,7.0,3.0,4.0,57.1,4.5,2.0,11.0,18.2,41.0,5.0,26.8,29.6,1.0,0.0,18.0,10.0,0.0,0.0,0.0,,False,Brighton_LeedsUnited_20251101
Guglielmo Vicario,itITA,29-025,90.0,9.0,1.0,8.0,88.9,3.2,4.0,18.0,22.2,40.0,5.0,42.5,37.8,1.0,100.0,80.0,9.0,0.0,0.0,6.0,20.8,True,Tottenham_Chelsea_20251101
Robert Sánchez,esESP,27-348,90.0,1.0,0.0,1.0,100.0,0.2,6.0,18.0,33.3,43.0,6.0,39.5,35.8,1.0,100.0,71.0,14.0,5.0,35.7,1.0,12.0,False,Tottenham_Chelsea_20251101
Giorgi Mamardashvili,geGEO,25-033,90.0,3.0,0.0,3.0,100.0,0.3,4.0,8.0,50.0,19.0,5.0,21.1,28.9,5.0,80.0,50.2,11.0,0.0,0.0,0.0,15.0,True,Liverpool_AstonVilla_20251101
Emiliano Martínez,arARG,33-060,90.0,4.0,2.0,2.0,50.0,1.0,8.0,17.0,47.1,47.0,5.0,29.8,28.5,5.0,60.0,51.2,7.0,0.0,0.0,0.0,17.5,False,Liverpool_AstonVilla_20251101
Alphonse Areola,frFRA,32-248,90.0,4.0,1.0,3.0,75.0,0.8,4.0,25.0,16.0,22.0,5.0,63.6,46.0,11.0,100.0,65.6,20.0,1.0,5.0,0.0,3.0,True,WestHam_NewcastleUtd_20251102
Nick Pope,engENG,33-197,90.0,9.0,3.0,7.0,66.7,1.3,2.0,4.0,50.0,19.0,8.0,15.8,25.1,5.0,20.0,24.0,14.0,1.0,7.1,5.0,13.9,False,WestHam_NewcastleUtd_20251102
Gianluigi Donnarumma,itITA,26-250,90.0,5.0,1.0,4.0,80.0,1.4,3.0,9.0,33.3,27.0,4.0,29.6,31.0,3.0,33.3,23.0,18.0,0.0,0.0,0.0,7.3,True,ManchesterCity_Bournemouth_20251102
Đorđe Petrović,rsSRB,26-025,90.0,7.0,3.0,4.0,57.1,1.4,0.0,2.0,0.0,28.0,6.0,7.1,23.7,4.0,0.0,15.3,13.0,1.0,7.7,2.0,12.3,False,ManchesterCity_Bournemouth_20251102
Robin Roefs,nlNED,22-290,90.0,2.0,1.0,1.0,50.0,0.7,3.0,17.0,17.6,43.0,4.0,30.2,31.9,4.0,100.0,69.8,6.0,3.0,50.0,2.0,12.3,True,Sunderland_Everton_20251103
Jordan Pickford,engENG,31-241,90.0,3.0,1.0,2.0,66.7,1.4,5.0,21.0,23.8,32.0,3.0,56.3,44.3,3.0,100.0,66.3,17.0,0.0,0.0,3.0,20.0,False,Sunderland_Everton_20251103
Guglielmo Vicario,itITA,29-032,90.0,2.0,2.0,0.0,0.0,1.2,3.0,13.0,23.1,32.0,4.0,40.6,31.5,1.0,0.0,16.0,8.0,1.0,12.5,1.0,18.0,True,Tottenham_ManchesterUtd_20251108
Senne Lammens,beBEL,23-124,90.0,4.0,2.0,2.0,50.0,2.0,10.0,25.0,40.0,24.0,0.0,70.8,47.1,8.0,100.0,58.1,20.0,0.0,0.0,2.0,17.8,False,Tottenham_ManchesterUtd_20251108
Alphonse Areola,frFRA,32-254,90.0,7.0,2.0,5.0,71.4,2.1,9.0,21.0,42.9,26.0,6.0,57.7,40.5,8.0,75.0,56.3,12.0,1.0,8.3,0.0,6.3,True,WestHam_Burnley_20251108
Martin Dúbravka,skSVK,36-297,90.0,6.0,3.0,3.0,50.0,2.9,3.0,11.0,27.3,21.0,4.0,38.1,34.4,3.0,100.0,75.0,14.0,0.0,0.0,0.0,,False,WestHam_Burnley_20251108
Jordan Pickford,engENG,31-246,90.0,4.0,0.0,4.0,100.0,0.9,5.0,14.0,35.7,34.0,3.0,35.3,33.2,4.0,50.0,42.5,9.0,0.0,0.0,1.0,13.8,True,Everton_Fulham_20251108
Bernd Leno,deGER,33-249,90.0,5.0,2.0,3.0,60.0,1.7,4.0,12.0,33.3,38.0,2.0,23.7,29.7,7.0,42.9,31.6,17.0,0.0,0.0,0.0,11.0,False,Everton_Fulham_20251108
Robin Roefs,nlNED,22-295,90.0,7.0,2.0,5.0,71.4,1.4,9.0,26.0,34.6,36.0,3.0,55.6,40.5,6.0,100.0,69.8,18.0,0.0,0.0,0.0,11.0,True,Sunderland_Arsenal_20251108
David Raya,esESP,30-054,90.0,2.0,2.0,0.0,0.0,0.9,3.0,12.0,25.0,20.0,2.0,50.0,39.5,2.0,100.0,72.5,10.0,0.0,0.0,0.0,,False,Sunderland_Arsenal_20251108
Robert Sánchez,esESP,27-355,90.0,0.0,0.0,0.0,,0.0,5.0,10.0,50.0,24.0,2.0,25.0,32.9,4.0,100.0,68.3,5.0,1.0,20.0,0.0,11.0,True,Chelsea_Wolves_20251108
Sam Johnstone,engENG,32-228,90.0,8.0,3.0,5.0,62.5,3.1,10.0,28.0,35.7,36.0,5.0,58.3,42.8,8.0,87.5,60.3,18.0,0.0,0.0,0.0,7.3,False,Chelsea_Wolves_20251108
Emiliano Martínez,arARG,33-068,90.0,4.0,0.0,3.0,100.0,1.4,6.0,19.0,31.6,41.0,5.0,36.6,38.4,4.0,100.0,70.0,16.0,2.0,12.5,0.0,2.3,True,AstonVilla_Bournemouth_20251109
Đorđe Petrović,rsSRB,26-032,90.0,8.0,4.0,4.0,50.0,2.9,2.0,5.0,40.0,14.0,4.0,21.4,29.5,3.0,66.7,58.7,15.0,0.0,0.0,0.0,5.3,False,AstonVilla_Bournemouth_20251109
Matz Sels,beBEL,33-256,90.0,3.0,1.0,2.0,66.7,1.2,6.0,16.0,37.5,22.0,4.0,59.1,40.5,4.0,75.0,52.3,10.0,0.0,0.0,0.0,16.0,True,Nott'hamForest_LeedsUnited_20251109
Lucas Perri,brBRA,27-334,90.0,6.0,3.0,3.0,66.7,3.4,1.0,8.0,12.5,36.0,5.0,22.2,28.9,5.0,0.0,23.2,19.0,1.0,5.3,0.0,8.3,False,Nott'hamForest_LeedsUnited_20251109
Dean Henderson,engENG,28-242,90.0,3.0,0.0,3.0,100.0,0.3,3.0,21.0,14.3,30.0,4.0,53.3,41.5,7.0,71.4,54.7,23.0,0.0,0.0,0.0,8.6,True,CrystalPalace_Brighton_20251109
Bart Verbruggen,nlNED,23-083,90.0,2.0,0.0,2.0,100.0,0.6,2.0,4.0,50.0,33.0,2.0,6.1,20.1,7.0,28.6,37.0,9.0,2.0,22.2,0.0,9.3,False,CrystalPalace_Brighton_20251109
Caoimhín Kelleher,ieIRL,26-351,90.0,1.0,1.0,0.0,0.0,0.2,2.0,8.0,25.0,22.0,2.0,36.4,33.6,1.0,0.0,15.0,11.0,0.0,0.0,0.0,12.3,True,Brentford_NewcastleUtd_20251109
Nick Pope,engENG,33-204,76.0,4.0,1.0,3.0,75.0,1.3,4.0,10.0,40.0,19.0,6.0,31.6,37.7,4.0,100.0,64.8,9.0,1.0,11.1,2.0,15.3,False,Brentford_NewcastleUtd_20251109
Aaron Ramsdale,engENG,27-179,14.0,3.0,2.0,1.0,66.7,1.4,0.0,2.0,0.0,3.0,0.0,33.3,37.0,3.0,33.3,39.3,6.0,0.0,0.0,0.0,,False,Brentford_NewcastleUtd_20251109
Gianluigi Donnarumma,itITA,26-257,90.0,1.0,0.0,1.0,100.0,0.1,3.0,9.0,33.3,27.0,2.0,29.6,32.0,1.0,100.0,60.0,11.0,0.0,0.0,1.0,17.0,True,ManchesterCity_Liverpool_20251109
Giorgi Mamardashvili,geGEO,25-041,90.0,6.0,3.0,2.0,50.0,2.2,2.0,8.0,25.0,27.0,5.0,29.6,31.4,6.0,0.0,17.0,10.0,0.0,0.0,1.0,33.0,False,ManchesterCity_Liverpool_20251109
Martin Dúbravka,skSVK,36-311,90.0,5.0,2.0,3.0,60.0,2.3,9.0,29.0,31.0,41.0,4.0,51.2,34.3,9.0,88.9,59.8,10.0,0.0,0.0,0.0,8.9,True,Burnley_Chelsea_20251122
Robert Sánchez,esESP,28-004,90.0,2.0,0.0,2.0,100.0,0.1,5.0,18.0,27.8,39.0,5.0,38.5,31.2,4.0,75.0,52.5,7.0,1.0,14.3,1.0,12.6,False,Burnley_Chelsea_20251122
Đorđe Petrović,rsSRB,26-045,90.0,2.0,2.0,0.0,0.0,0.7,0.0,0.0,,15.0,4.0,0.0,17.5,2.0,0.0,28.5,6.0,0.0,0.0,0.0,14.5,True,Bournemouth_WestHam_20251122
Alphonse Areola,frFRA,32-268,90.0,10.0,2.0,8.0,90.0,4.5,13.0,35.0,37.1,18.0,2.0,88.9,58.4,19.0,100.0,61.5,44.0,3.0,6.8,0.0,6.6,False,Bournemouth_WestHam_20251122
Bernd Leno,deGER,33-263,90.0,2.0,0.0,2.0,100.0,0.2,1.0,13.0,7.7,41.0,5.0,24.4,33.0,4.0,75.0,61.3,10.0,1.0,10.0,0.0,10.5,True,Fulham_Sunderland_20251122
Robin Roefs,nlNED,22-309,90.0,5.0,1.0,4.0,80.0,1.2,7.0,17.0,41.2,46.0,4.0,19.6,27.5,10.0,80.0,55.0,18.0,1.0,5.6,0.0,10.0,False,Fulham_Sunderland_20251122
Sam Johnstone,engENG,32-242,90.0,4.0,2.0,2.0,50.0,1.6,11.0,19.0,57.9,29.0,4.0,55.2,39.2,7.0,42.9,44.1,16.0,3.0,18.8,2.0,13.1,True,Wolves_CrystalPalace_20251122
Dean Henderson,engENG,28-255,90.0,1.0,0.0,1.0,100.0,0.1,3.0,12.0,25.0,27.0,5.0,33.3,33.5,6.0,50.0,44.0,10.0,0.0,0.0,0.0,9.0,False,Wolves_CrystalPalace_20251122
Alisson,brBRA,33-051,90.0,7.0,3.0,4.0,57.1,2.7,1.0,1.0,100.0,27.0,10.0,3.7,23.4,2.0,0.0,17.5,12.0,2.0,16.7,0.0,8.0,True,Liverpool_Nott'hamForest_20251122
Matz Sels,beBEL,33-269,90.0,3.0,0.0,3.0,100.0,0.6,9.0,27.0,33.3,19.0,1.0,84.2,54.4,11.0,100.0,71.8,28.0,2.0,7.1,2.0,18.0,False,Liverpool_Nott'hamForest_20251122
Bart Verbruggen,nlNED,23-096,90.0,4.0,1.0,2.0,100.0,1.8,4.0,13.0,30.8,52.0,2.0,19.2,29.2,4.0,75.0,53.3,12.0,0.0,0.0,1.0,18.0,True,Brighton_Brentford_20251122
Caoimhín Kelleher,ieIRL,26-364,90.0,5.0,2.0,3.0,60.0,1.5,7.0,20.0,35.0,33.0,4.0,39.4,34.1,11.0,63.6,50.0,14.0,1.0,7.1,1.0,14.0,False,Brighton_Brentford_20251122
Nick Pope,engENG,33-217,90.0,4.0,1.0,3.0,75.0,0.9,5.0,18.0,27.8,19.0,3.0,47.4,38.4,11.0,81.8,55.3,21.0,1.0,4.8,1.0,14.3,True,NewcastleUtd_ManchesterCity_20251122
Gianluigi Donnarumma,itITA,26-270,90.0,5.0,2.0,3.0,60.0,2.5,2.0,8.0,25.0,25.0,5.0,32.0,31.8,3.0,0.0,26.0,11.0,1.0,9.1,2.0,16.5,False,NewcastleUtd_ManchesterCity_20251122
Lucas Perri,brBRA,27-348,90.0,3.0,2.0,1.0,33.3,0.5,1.0,10.0,10.0,16.0,1.0,37.5,37.4,5.0,80.0,59.8,8.0,0.0,0.0,0.0,9.5,True,LeedsUnited_AstonVilla_20251123
Emiliano Martínez,arARG,33-082,90.0,4.0,1.0,3.0,75.0,1.7,3.0,11.0,27.3,34.0,5.0,26.5,29.7,3.0,66.7,49.3,19.0,3.0,15.8,0.0,8.3,False,LeedsUnited_AstonVilla_20251123
David Raya,esESP,30-069,90.0,2.0,1.0,1.0,50.0,0.1,8.0,14.0,57.1,19.0,2.0,47.4,37.0,6.0,83.3,59.0,6.0,1.0,16.7,0.0,7.0,True,Arsenal_Tottenham_20251123
Guglielmo Vicario,itITA,29-047,90.0,8.0,4.0,4.0,50.0,3.4,7.0,26.0,26.9,49.0,8.0,46.9,38.2,3.0,100.0,60.7,13.0,0.0,0.0,1.0,18.0,False,Arsenal_Tottenham_20251123
Senne Lammens,beBEL,23-140,90.0,1.0,1.0,0.0,0.0,0.3,1.0,2.0,50.0,18.0,3.0,11.1,25.9,3.0,0.0,19.3,6.0,1.0,16.7,3.0,35.2,True,ManchesterUtd_Everton_20251124
Jordan Pickford,engENG,31-262,90.0,6.0,0.0,6.0,100.0,1.9,17.0,37.0,45.9,26.0,3.0,69.2,45.1,20.0,95.0,59.1,27.0,0.0,0.0,3.0,19.4,False,ManchesterUtd_Everton_20251124
Robin Roefs,nlNED,22-316,90.0,6.0,2.0,4.0,66.7,2.6,6.0,14.0,42.9,34.0,4.0,32.4,37.4,5.0,60.0,52.2,15.0,1.0,6.7,1.0,12.0,True,Sunderland_Bournemouth_20251129
Đorđe Petrović,rsSRB,26-052,90.0,6.0,3.0,3.0,66.7,1.9,2.0,18.0,11.1,29.0,3.0,48.3,37.9,6.0,66.7,49.5,15.0,0.0,0.0,0.0,9.5,False,Sunderland_Bournemouth_20251129
Caoimhín Kelleher,ieIRL,27-006,90.0,2.0,1.0,1.0,100.0,1.0,1.0,3.0,33.3,32.0,6.0,9.4,22.5,0.0,,,13.0,0.0,0.0,2.0,28.3,True,Brentford_Burnley_20251129
Martin Dúbravka,skSVK,36-318,90.0,4.0,3.0,1.0,50.0,2.2,10.0,39.0,25.6,40.0,7.0,62.5,41.3,15.0,93.3,61.7,19.0,1.0,5.3,1.0,11.6,False,Brentford_Burnley_20251129
Gianluigi Donnarumma,itITA,26-277,90.0,3.0,2.0,0.0,33.3,1.6,2.0,4.0,50.0,27.0,2.0,7.4,23.1,3.0,66.7,46.0,9.0,0.0,0.0,1.0,13.5,True,ManchesterCity_LeedsUnited_20251129
Lucas Perri,brBRA,27-354,90.0,9.0,3.0,6.0,66.7,2.9,7.0,28.0,25.0,42.0,4.0,52.4,42.1,6.0,100.0,67.7,20.0,0.0,0.0,1.0,13.3,False,ManchesterCity_LeedsUnited_20251129
Jordan Pickford,engENG,31-267,90.0,7.0,4.0,3.0,42.9,2.5,3.0,8.0,37.5,27.0,4.0,25.9,31.5,3.0,33.3,34.0,14.0,0.0,0.0,0.0,9.3,True,Everton_NewcastleUtd_20251129
Aaron Ramsdale,engENG,27-199,90.0,2.0,1.0,1.0,50.0,0.8,6.0,14.0,42.9,31.0,5.0,32.3,32.7,4.0,100.0,74.5,18.0,1.0,5.6,0.0,4.0,False,Everton_NewcastleUtd_20251129
Guglielmo Vicario,itITA,29-053,90.0,3.0,2.0,1.0,33.3,1.1,1.0,4.0,25.0,24.0,4.0,16.7,24.3,1.0,0.0,10.0,5.0,1.0,20.0,5.0,20.9,True,Tottenham_Fulham_20251129
Bernd Leno,deGER,33-270,90.0,1.0,1.0,0.0,0.0,0.2,6.0,23.0,26.1,37.0,4.0,45.9,36.8,6.0,100.0,60.5,31.0,1.0,3.2,0.0,5.6,False,Tottenham_Fulham_20251129
Dean Henderson,engENG,28-263,90.0,6.0,2.0,4.0,66.7,1.2,4.0,25.0,16.0,31.0,5.0,64.5,45.0,7.0,71.4,59.9,17.0,0.0,0.0,0.0,6.2,True,CrystalPalace_ManchesterUtd_20251130
Senne Lammens,beBEL,23-146,90.0,3.0,1.0,2.0,100.0,1.1,5.0,14.0,35.7,30.0,1.0,33.3,32.4,7.0,57.1,48.1,15.0,0.0,0.0,0.0,5.0,False,CrystalPalace_ManchesterUtd_20251130
Matz Sels,beBEL,33-277,90.0,5.0,2.0,3.0,60.0,1.6,5.0,16.0,31.3,30.0,2.0,36.7,34.6,11.0,45.5,40.1,5.0,0.0,0.0,4.0,27.4,True,Nott'hamForest_Brighton_20251130
Bart Verbruggen,nlNED,23-104,90.0,3.0,0.0,3.0,100.0,0.3,2.0,14.0,14.3,49.0,8.0,24.5,30.9,5.0,40.0,34.8,30.0,1.0,3.3,1.0,14.3,False,Nott'hamForest_Brighton_20251130
Emiliano Martínez,arARG,33-089,90.0,4.0,0.0,4.0,100.0,0.9,1.0,4.0,25.0,17.0,1.0,23.5,27.7,1.0,0.0,16.0,16.0,1.0,6.3,0.0,12.5,True,AstonVilla_Wolves_20251130
Sam Johnstone,engENG,32-250,90.0,6.0,1.0,5.0,83.3,1.2,10.0,23.0,43.5,22.0,2.0,68.2,45.4,8.0,100.0,68.1,16.0,1.0,6.3,0.0,12.3,False,AstonVilla_Wolves_20251130
Alphonse Areola,frFRA,32-276,90.0,5.0,2.0,3.0,60.0,1.6,5.0,17.0,29.4,23.0,6.0,56.5,39.4,6.0,66.7,45.2,7.0,0.0,0.0,0.0,4.0,True,WestHam_Liverpool_20251130
Alisson,brBRA,33-059,90.0,0.0,0.0,0.0,,0.0,3.0,5.0,60.0,24.0,1.0,20.8,24.4,3.0,0.0,10.0,18.0,1.0,5.6,3.0,17.3,False,WestHam_Liverpool_20251130
Robert Sánchez,esESP,28-012,90.0,4.0,1.0,3.0,75.0,2.2,14.0,29.0,48.3,43.0,6.0,51.2,39.0,7.0,100.0,74.0,12.0,3.0,25.0,2.0,13.2,True,Chelsea_Arsenal_20251130
David Raya,esESP,30-076,90.0,4.0,1.0,3.0,75.0,0.9,3.0,15.0,20.0,34.0,6.0,38.2,33.0,5.0,40.0,41.8,14.0,0.0,0.0,1.0,42.0,False,Chelsea_Arsenal_20251130
Đorđe Petrović,rsSRB,26-055,90.0,3.0,1.0,2.0,66.7,0.8,4.0,15.0,26.7,32.0,4.0,37.5,34.6,4.0,75.0,50.3,20.0,2.0,10.0,0.0,5.4,True,Bournemouth_Everton_20251202
Jordan Pickford,engENG,31-270,90.0,2.0,0.0,2.0,100.0,0.6,6.0,20.0,30.0,29.0,2.0,55.2,39.3,5.0,80.0,52.8,11.0,0.0,0.0,0.0,15.5,False,Bournemouth_Everton_20251202
Bernd Leno,deGER,33-273,90.0,4.0,5.0,0.0,-25.0,2.0,2.0,6.0,33.3,26.0,3.0,15.4,24.8,3.0,66.7,45.3,6.0,0.0,0.0,1.0,10.4,True,Fulham_ManchesterCity_20251202
Gianluigi Donnarumma,itITA,26-280,90.0,5.0,4.0,1.0,20.0,2.0,6.0,9.0,66.7,25.0,2.0,24.0,27.7,6.0,50.0,43.3,16.0,0.0,0.0,0.0,8.5,False,Fulham_ManchesterCity_20251202
Aaron Ramsdale,engENG,27-202,90.0,2.0,2.0,0.0,0.0,1.4,1.0,8.0,12.5,23.0,3.0,21.7,30.2,3.0,100.0,62.0,24.0,1.0,4.2,0.0,4.7,True,NewcastleUtd_Tottenham_20251202
Guglielmo Vicario,itITA,29-056,90.0,6.0,2.0,4.0,83.3,2.4,6.0,20.0,30.0,28.0,5.0,50.0,43.6,6.0,100.0,60.5,31.0,1.0,3.2,3.0,12.3,False,NewcastleUtd_Tottenham_20251202
Martin Dúbravka,skSVK,36-322,90.0,3.0,1.0,2.0,66.7,1.3,4.0,11.0,36.4,33.0,2.0,24.2,27.5,6.0,50.0,43.5,10.0,0.0,0.0,0.0,12.5,True,Burnley_CrystalPalace_20251203
Dean Henderson,engENG,28-266,90.0,3.0,0.0,3.0,100.0,0.5,3.0,14.0,21.4,28.0,4.0,42.9,35.8,5.0,40.0,35.2,14.0,2.0,14.3,1.0,11.2,False,Burnley_CrystalPalace_20251203
David Raya,esESP,30-079,90.0,1.0,0.0,1.0,100.0,0.1,7.0,21.0,33.3,43.0,6.0,41.9,35.3,4.0,75.0,50.3,12.0,2.0,16.7,3.0,18.0,True,Arsenal_Brentford_20251203
Caoimhín Kelleher,ieIRL,27-010,90.0,7.0,2.0,5.0,71.4,1.1,10.0,26.0,38.5,40.0,1.0,52.5,40.4,6.0,83.3,58.0,14.0,0.0,0.0,5.0,20.4,False,Arsenal_Brentford_20251203
Sam Johnstone,engENG,32-253,90.0,3.0,1.0,2.0,66.7,0.4,11.0,26.0,42.3,36.0,4.0,55.6,41.6,7.0,85.7,58.1,17.0,0.0,0.0,1.0,11.9,True,Wolves_Nott'hamForest_20251203
Matz Sels,beBEL,33-280,90.0,1.0,0.0,1.0,100.0,0.1,5.0,13.0,38.5,22.0,5.0,45.5,39.5,4.0,75.0,56.8,15.0,1.0,6.7,1.0,14.8,False,Wolves_Nott'hamForest_20251203
Bart Verbruggen,nlNED,23-107,90.0,9.0,4.0,5.0,55.6,4.5,3.0,8.0,37.5,56.0,5.0,12.5,22.7,2.0,50.0,43.0,11.0,0.0,0.0,1.0,15.0,True,Brighton_AstonVilla_20251203
Marco Bizot,nlNED,34-268,90.0,6.0,3.0,4.0,50.0,1.8,3.0,10.0,30.0,46.0,7.0,17.4,25.8,6.0,33.3,32.3,16.0,0.0,0.0,1.0,13.3,False,Brighton_AstonVilla_20251203
Alisson,brBRA,33-062,90.0,5.0,1.0,4.0,80.0,0.5,1.0,5.0,20.0,28.0,4.0,17.9,27.1,1.0,0.0,21.0,10.0,0.0,0.0,1.0,12.7,True,Liverpool_Sunderland_20251203
Robin Roefs,nlNED,22-320,90.0,4.0,1.0,4.0,75.0,0.8,4.0,27.0,14.8,46.0,2.0,45.7,39.1,8.0,75.0,58.5,29.0,5.0,17.2,1.0,9.4,False,Liverpool_Sunderland_20251203
Lucas Perri,brBRA,27-358,90.0,2.0,1.0,1.0,50.0,0.4,12.0,38.0,31.6,35.0,2.0,88.6,54.2,7.0,100.0,63.0,15.0,0.0,0.0,0.0,,True,LeedsUnited_Chelsea_20251203
Robert Sánchez,esESP,28-015,90.0,5.0,3.0,2.0,40.0,2.0,5.0,12.0,41.7,43.0,4.0,25.6,29.0,4.0,25.0,34.3,16.0,1.0,6.3,6.0,23.8,False,LeedsUnited_Chelsea_20251203
Senne Lammens,beBEL,23-150,90.0,2.0,1.0,1.0,50.0,1.1,5.0,7.0,71.4,26.0,3.0,23.1,30.5,2.0,50.0,27.0,12.0,1.0,8.3,3.0,18.6,True,ManchesterUtd_WestHam_20251204
Alphonse Areola,frFRA,32-280,90.0,3.0,1.0,2.0,66.7,0.9,11.0,25.0,44.0,17.0,1.0,94.1,53.6,9.0,100.0,63.9,23.0,0.0,0.0,0.0,4.3,False,ManchesterUtd_WestHam_20251204
Emiliano Martínez,arARG,33-095,90.0,8.0,1.0,7.0,87.5,1.9,11.0,26.0,42.3,41.0,3.0,53.7,41.7,6.0,66.7,42.0,12.0,1.0,8.3,2.0,19.8,True,AstonVilla_Arsenal_20251206
David Raya,esESP,30-082,90.0,6.0,2.0,4.0,66.7,2.3,4.0,10.0,40.0,24.0,4.0,29.2,29.2,6.0,50.0,42.0,7.0,0.0,0.0,0.0,7.4,False,AstonVilla_Arsenal_20251206
Aaron Ramsdale,engENG,27-206,90.0,3.0,1.0,2.0,100.0,1.2,3.0,7.0,42.9,31.0,5.0,16.1,29.1,5.0,40.0,40.0,14.0,1.0,7.1,5.0,17.9,True,NewcastleUtd_Burnley_20251206
Martin Dúbravka,skSVK,36-325,90.0,7.0,2.0,5.0,85.7,2.4,9.0,31.0,29.0,24.0,4.0,62.5,38.6,17.0,94.1,62.8,21.0,0.0,0.0,1.0,11.0,False,NewcastleUtd_Burnley_20251206
Gianluigi Donnarumma,itITA,26-284,90.0,1.0,0.0,1.0,100.0,0.7,0.0,4.0,0.0,17.0,1.0,23.5,27.2,0.0,,,8.0,0.0,0.0,0.0,11.3,True,ManchesterCity_Sunderland_20251206
Robin Roefs,nlNED,22-323,90.0,5.0,3.0,2.0,40.0,2.2,3.0,18.0,16.7,45.0,3.0,33.3,33.5,3.0,100.0,73.7,15.0,2.0,13.3,6.0,20.3,False,ManchesterCity_Sunderland_20251206
Guglielmo Vicario,itITA,29-060,90.0,1.0,0.0,1.0,100.0,0.4,5.0,19.0,26.3,38.0,5.0,39.5,37.3,4.0,100.0,62.5,14.0,2.0,14.3,0.0,9.8,True,Tottenham_Brentford_20251206
Caoimhín Kelleher,ieIRL,27-013,90.0,7.0,2.0,5.0,71.4,3.1,2.0,14.0,14.3,32.0,5.0,31.3,33.9,8.0,50.0,41.9,22.0,0.0,0.0,4.0,15.6,False,Tottenham_Brentford_20251206
Jordan Pickford,engENG,31-274,90.0,2.0,0.0,2.0,100.0,0.4,3.0,19.0,15.8,34.0,3.0,55.9,43.8,1.0,0.0,36.0,14.0,0.0,0.0,2.0,16.3,True,Everton_Nott'hamForest_20251206
Matz Sels,beBEL,33-283,90.0,5.0,3.0,3.0,40.0,1.9,2.0,14.0,14.3,30.0,4.0,46.7,33.1,6.0,0.0,13.3,13.0,0.0,0.0,0.0,3.0,False,Everton_Nott'hamForest_20251206
Đorđe Petrović,rsSRB,26-059,90.0,4.0,0.0,4.0,100.0,0.6,13.0,26.0,50.0,31.0,4.0,61.3,44.8,10.0,70.0,47.6,10.0,0.0,0.0,0.0,16.0,True,Bournemouth_Chelsea_20251206
Robert Sánchez,esESP,28-018,90.0,5.0,0.0,5.0,100.0,0.8,6.0,16.0,37.5,37.0,4.0,32.4,32.6,5.0,80.0,58.0,7.0,2.0,28.6,1.0,10.4,False,Bournemouth_Chelsea_20251206
Lucas Perri,brBRA,27-361,90.0,7.0,3.0,4.0,57.1,3.1,5.0,27.0,18.5,33.0,6.0,69.7,47.5,4.0,100.0,62.5,15.0,0.0,0.0,0.0,8.0,True,LeedsUnited_Liverpool_20251206
Alisson,brBRA,33-065,90.0,5.0,3.0,2.0,60.0,2.1,2.0,13.0,15.4,34.0,2.0,38.2,33.2,0.0,,,11.0,0.0,0.0,0.0,13.7,False,LeedsUnited_Liverpool_20251206
Bernd Leno,deGER,33-278,90.0,5.0,2.0,3.0,60.0,2.0,0.0,2.0,0.0,21.0,2.0,9.5,21.5,7.0,0.0,15.1,9.0,0.0,0.0,1.0,16.0,True,Fulham_CrystalPalace_20251207
Dean Henderson,engENG,28-270,90.0,4.0,1.0,3.0,75.0,1.3,2.0,14.0,14.3,24.0,7.0,37.5,33.3,9.0,55.6,45.2,15.0,0.0,0.0,2.0,21.3,False,Fulham_CrystalPalace_20251207
Bart Verbruggen,nlNED,23-111,90.0,5.0,1.0,4.0,80.0,1.0,0.0,1.0,0.0,25.0,3.0,0.0,18.4,10.0,10.0,20.7,8.0,0.0,0.0,5.0,19.6,True,Brighton_WestHam_20251207
Alphonse Areola,frFRA,32-283,90.0,4.0,1.0,3.0,75.0,0.9,5.0,20.0,25.0,12.0,6.0,16.7,28.9,18.0,100.0,65.3,28.0,0.0,0.0,0.0,,False,Brighton_WestHam_20251207
Sam Johnstone,engENG,32-258,90.0,8.0,4.0,4.0,62.5,3.3,9.0,23.0,39.1,29.0,2.0,69.0,47.0,5.0,60.0,44.2,12.0,0.0,0.0,5.0,18.7,True,Wolves_ManchesterUtd_20251208
Senne Lammens,beBEL,23-154,90.0,2.0,1.0,1.0,50.0,1.2,5.0,16.0,31.3,29.0,1.0,44.8,37.8,3.0,100.0,50.3,15.0,0.0,0.0,0.0,14.0,False,Wolves_ManchesterUtd_20251208
Martin Dúbravka,skSVK,36-332,90.0,4.0,3.0,1.0,25.0,3.6,2.0,6.0,33.3,16.0,4.0,12.5,21.9,7.0,57.1,54.7,7.0,1.0,14.3,1.0,12.7,True,Burnley_Fulham_20251213
Bernd Leno,deGER,33-284,90.0,8.0,2.0,6.0,75.0,3.0,5.0,14.0,35.7,36.0,4.0,25.0,29.7,8.0,62.5,47.8,15.0,0.0,0.0,0.0,4.0,False,Burnley_Fulham_20251213
David Raya,esESP,30-089,90.0,2.0,1.0,1.0,50.0,0.6,1.0,2.0,50.0,26.0,6.0,7.7,21.7,1.0,0.0,19.0,7.0,0.0,0.0,3.0,22.5,True,Arsenal_Wolves_20251213
Sam Johnstone,engENG,32-263,90.0,2.0,2.0,2.0,0.0,0.3,11.0,37.0,29.7,20.0,1.0,95.0,57.5,18.0,100.0,68.1,23.0,1.0,4.3,0.0,3.6,False,Arsenal_Wolves_20251213
Robert Sánchez,esESP,28-025,90.0,2.0,0.0,2.0,100.0,0.8,5.0,16.0,31.3,33.0,5.0,24.2,28.4,8.0,100.0,70.1,20.0,2.0,10.0,0.0,10.2,True,Chelsea_Everton_20251213
Jordan Pickford,engENG,31-281,90.0,5.0,2.0,3.0,60.0,1.2,9.0,19.0,47.4,33.0,8.0,42.4,33.3,8.0,62.5,45.5,8.0,2.0,25.0,2.0,11.5,False,Chelsea_Everton_20251213
Alisson,brBRA,33-072,90.0,1.0,0.0,1.0,100.0,0.6,4.0,13.0,30.8,37.0,2.0,29.7,32.2,4.0,50.0,43.3,14.0,1.0,7.1,1.0,12.8,True,Liverpool_Brighton_20251213
Bart Verbruggen,nlNED,23-117,90.0,4.0,2.0,2.0,50.0,1.2,4.0,9.0,44.4,52.0,7.0,17.3,27.6,1.0,0.0,14.0,5.0,0.0,0.0,0.0,11.0,False,Liverpool_Brighton_20251213
John,brBRA,29-304,90.0,1.0,0.0,1.0,100.0,0.5,9.0,20.0,45.0,29.0,0.0,62.1,44.0,4.0,50.0,44.0,13.0,0.0,0.0,0.0,9.8,True,Nott'hamForest_Tottenham_20251214
Guglielmo Vicario,itITA,29-068,90.0,6.0,3.0,3.0,50.0,1.8,1.0,9.0,11.1,29.0,3.0,24.1,30.8,5.0,40.0,27.2,12.0,0.0,0.0,0.0,8.8,False,Nott'hamForest_Tottenham_20251214
Alphonse Areola,frFRA,32-290,90.0,4.0,3.0,2.0,25.0,0.9,4.0,16.0,25.0,21.0,3.0,52.4,44.1,5.0,100.0,66.0,8.0,0.0,0.0,0.0,14.5,True,WestHam_AstonVilla_20251214
Marco Bizot,nlNED,34-279,90.0,3.0,2.0,1.0,33.3,0.6,4.0,8.0,50.0,38.0,3.0,15.8,23.1,5.0,40.0,31.8,11.0,2.0,18.2,0.0,9.4,False,WestHam_AstonVilla_20251214
Dean Henderson,engENG,28-277,90.0,6.0,3.0,3.0,66.7,1.7,2.0,13.0,15.4,30.0,4.0,40.0,34.7,4.0,25.0,34.5,7.0,0.0,0.0,0.0,16.0,True,CrystalPalace_ManchesterCity_20251214
Gianluigi Donnarumma,itITA,26-292,90.0,4.0,0.0,4.0,100.0,1.1,3.0,3.0,100.0,25.0,5.0,8.0,22.4,4.0,25.0,31.8,13.0,0.0,0.0,0.0,9.0,False,CrystalPalace_ManchesterCity_20251214
Robin Roefs,nlNED,22-331,90.0,2.0,0.0,2.0,100.0,0.4,5.0,24.0,20.8,36.0,8.0,55.6,43.3,5.0,80.0,60.4,20.0,3.0,15.0,1.0,13.1,True,Sunderland_NewcastleUtd_20251214
Aaron Ramsdale,engENG,27-214,90.0,1.0,1.0,1.0,0.0,0.2,6.0,14.0,42.9,36.0,7.0,27.8,32.1,7.0,57.1,52.1,13.0,1.0,7.7,1.0,16.6,False,Sunderland_NewcastleUtd_20251214
Caoimhín Kelleher,ieIRL,27-021,90.0,4.0,1.0,3.0,75.0,1.7,7.0,22.0,31.8,38.0,2.0,39.5,36.2,7.0,100.0,67.9,18.0,0.0,0.0,1.0,11.0,True,Brentford_LeedsUnited_20251214
Lucas Perri,brBRA,28-004,90.0,2.0,1.0,1.0,50.0,0.8,4.0,23.0,17.4,29.0,6.0,62.1,46.3,5.0,100.0,69.0,12.0,1.0,8.3,0.0,3.0,False,Brentford_LeedsUnited_20251214
Senne Lammens,beBEL,23-161,90,9,4,5,55.6,3.3,2,11,18.2,21,4,42.9,35.4,2,100.0,61.0,16,0,0.0,0,,True,ManchesterUtd_Bournemouth_20251215
Đorđe Petrović,rsSRB,26-068,90,9,4,5,55.6,3.3,6,21,28.6,14,4,64.3,40.1,12,100.0,63.0,17,0,0.0,0,2.7,False,ManchesterUtd_Bournemouth_20251215
